order_id,product_id,product_name,quantity,unit_price,total_price
ORD00030,PROD00001,Evening,5,78.7,393.5
ORD00170,PROD00002,There,3,27.32,81.96
ORD00182,PROD00003,Answer,3,33.1,99.3
ORD00014,PROD00004,Positive,1,77.57,77.57
ORD00018,PROD00005,However,2,27.04,54.08
ORD00015,PROD00006,Put,1,90.69,90.69
ORD00041,PROD00007,Fire,1,26.61,26.61
ORD00048,PROD00008,Education,2,60.63,121.26
ORD00172,PROD00009,Quickly,3,39.1,117.3
ORD00166,PROD00010,Toward,3,18.45,55.35
ORD00090,PROD00011,Stop,2,23.18,46.36
ORD00089,PROD00012,None,4,89.56,358.24
ORD00055,PROD00013,Less,2,44.57,89.14
ORD00107,PROD00014,For,3,34.14,102.42
ORD00029,PROD00015,Air,3,92.59,277.77
ORD00179,PROD00016,Few,5,47.72,238.6
ORD00123,PROD00017,These,1,78.07,78.07
ORD00180,PROD00018,Season,1,15.51,15.51
ORD00108,PROD00019,Ground,3,6.71,20.13
ORD00007,PROD00020,Often,2,73.91,147.82
ORD00102,PROD00021,Politics,4,95.47,381.88
ORD00192,PROD00022,World,5,20.66,103.3
ORD00038,PROD00023,Everything,1,9.89,9.89
ORD00130,PROD00024,Lead,1,36.54,36.54
ORD00068,PROD00025,Mr,1,87.58,87.58
ORD00190,PROD00026,True,1,69.32,69.32
ORD00154,PROD00027,Rest,2,54.17,108.34
ORD00020,PROD00028,Respond,2,59.91,119.82
ORD00131,PROD00029,Near,2,28.33,56.66
ORD00145,PROD00030,Live,2,89.7,179.4
ORD00153,PROD00031,Not,5,98.94,494.7
ORD00009,PROD00032,Do,4,94.35,377.4
ORD00128,PROD00033,Hear,5,9.2,46.0
ORD00110,PROD00034,Concern,1,32.35,32.35
ORD00117,PROD00035,Particularly,2,48.73,97.46
ORD00182,PROD00036,Tax,3,29.22,87.66
ORD00004,PROD00037,Need,3,92.74,278.22
ORD00009,PROD00038,Color,2,96.22,192.44
ORD00040,PROD00039,Because,4,55.92,223.68
ORD00133,PROD00040,Clear,4,26.55,106.2
ORD00002,PROD00041,Star,4,57.83,231.32
ORD00166,PROD00042,Start,5,11.46,57.3
ORD00045,PROD00043,Area,5,94.58,472.9
ORD00138,PROD00044,Military,4,61.74,246.96
ORD00058,PROD00045,Item,4,54.81,219.24
ORD00187,PROD00046,Involve,5,11.53,57.65
ORD00196,PROD00047,Can,4,51.24,204.96
ORD00067,PROD00048,Couple,3,90.29,270.87
ORD00040,PROD00049,Trouble,5,77.83,389.15
ORD00023,PROD00050,Its,5,37.32,186.6
ORD00114,PROD00051,Main,5,57.73,288.65
ORD00127,PROD00052,Give,1,41.19,41.19
ORD00090,PROD00053,Structure,3,46.23,138.69
ORD00169,PROD00054,Anything,1,22.87,22.87
ORD00189,PROD00055,Image,5,49.26,246.3
ORD00192,PROD00056,Ok,3,39.58,118.74
ORD00033,PROD00057,Former,3,53.73,161.19
ORD00037,PROD00058,Action,2,57.37,114.74
ORD00057,PROD00059,Style,5,40.5,202.5
ORD00164,PROD00060,Color,1,85.11,85.11
ORD00170,PROD00061,Store,3,26.65,79.95
ORD00132,PROD00062,Bag,3,75.5,226.5
ORD00198,PROD00063,Go,3,57.06,171.18
ORD00188,PROD00064,Box,1,7.95,7.95
ORD00178,PROD00065,Head,5,44.73,223.65
ORD00109,PROD00066,However,1,96.48,96.48
ORD00065,PROD00067,Country,3,93.0,279.0
ORD00021,PROD00068,Participant,1,36.21,36.21
ORD00087,PROD00069,Part,1,66.08,66.08
ORD00149,PROD00070,Worker,3,15.2,45.6
ORD00137,PROD00071,On,3,80.56,241.68
ORD00042,PROD00072,Life,3,54.45,163.35
ORD00186,PROD00073,Whether,1,59.18,59.18
ORD00199,PROD00074,Stay,5,32.1,160.5
ORD00119,PROD00075,Hand,1,21.91,21.91
ORD00044,PROD00076,Sea,1,39.7,39.7
ORD00001,PROD00077,Eight,2,67.26,134.52
ORD00054,PROD00078,Threat,5,26.02,130.1
ORD00156,PROD00079,Plant,2,72.47,144.94
ORD00096,PROD00080,Series,5,81.05,405.25
ORD00179,PROD00081,Can,5,83.5,417.5
ORD00140,PROD00082,Impact,1,57.6,57.6
ORD00054,PROD00083,Campaign,3,10.27,30.81
ORD00061,PROD00084,Treat,2,89.87,179.74
ORD00162,PROD00085,Risk,4,14.66,58.64
ORD00176,PROD00086,Edge,3,26.4,79.2
ORD00178,PROD00087,Relationship,1,33.08,33.08
ORD00155,PROD00088,Sign,4,22.25,89.0
ORD00051,PROD00089,Interesting,1,85.46,85.46
ORD00151,PROD00090,Kitchen,5,51.82,259.1
ORD00174,PROD00091,Subject,3,60.79,182.37
ORD00059,PROD00092,Camera,5,41.86,209.3
ORD00081,PROD00093,Including,4,30.45,121.8
ORD00121,PROD00094,Single,2,64.92,129.84
ORD00195,PROD00095,Themselves,5,89.4,447.0
ORD00054,PROD00096,Investment,5,70.88,354.4
ORD00188,PROD00097,Military,2,33.44,66.88
ORD00109,PROD00098,Phone,2,56.25,112.5
ORD00012,PROD00099,Leave,5,55.44,277.2
ORD00049,PROD00100,Establish,3,50.49,151.47
ORD00087,PROD00101,Culture,1,90.87,90.87
ORD00144,PROD00102,Smile,1,12.27,12.27
ORD00180,PROD00103,Hard,3,93.1,279.3
ORD00038,PROD00104,Nature,1,48.39,48.39
ORD00025,PROD00105,Pull,1,47.63,47.63
ORD00140,PROD00106,Expert,1,55.64,55.64
ORD00138,PROD00107,Worry,4,75.58,302.32
ORD00009,PROD00108,President,2,41.6,83.2
ORD00105,PROD00109,Low,2,15.82,31.64
ORD00092,PROD00110,Time,2,87.75,175.5
ORD00071,PROD00111,Perform,3,33.03,99.09
ORD00102,PROD00112,College,3,26.31,78.93
ORD00156,PROD00113,Yard,2,38.77,77.54
ORD00117,PROD00114,Certain,2,88.15,176.3
ORD00128,PROD00115,Beautiful,3,30.2,90.6
ORD00136,PROD00116,None,3,79.79,239.37
ORD00166,PROD00117,As,2,73.17,146.34
ORD00158,PROD00118,Send,4,24.99,99.96
ORD00093,PROD00119,Game,1,83.15,83.15
ORD00182,PROD00120,Upon,2,53.74,107.48
ORD00163,PROD00121,Forget,5,41.38,206.9
ORD00140,PROD00122,Address,4,75.1,300.4
ORD00009,PROD00123,Skin,5,39.41,197.05
ORD00104,PROD00124,Build,4,75.6,302.4
ORD00018,PROD00125,Option,3,69.29,207.87
ORD00042,PROD00126,Part,2,80.86,161.72
ORD00193,PROD00127,Grow,4,12.7,50.8
ORD00084,PROD00128,Company,3,85.64,256.92
ORD00085,PROD00129,Process,4,59.85,239.4
ORD00156,PROD00130,Local,3,87.5,262.5
ORD00024,PROD00131,Authority,3,33.57,100.71
ORD00014,PROD00132,Animal,1,37.22,37.22
ORD00047,PROD00133,View,3,85.3,255.9
ORD00095,PROD00134,Risk,5,65.46,327.3
ORD00090,PROD00135,Research,4,62.21,248.84
ORD00187,PROD00136,Statement,5,19.96,99.8
ORD00088,PROD00137,Put,1,43.4,43.4
ORD00165,PROD00138,Game,4,34.43,137.72
ORD00060,PROD00139,Little,2,77.38,154.76
ORD00190,PROD00140,Ago,5,76.71,383.55
ORD00169,PROD00141,Part,1,42.06,42.06
ORD00108,PROD00142,Cut,2,22.4,44.8
ORD00184,PROD00143,Son,1,44.48,44.48
ORD00163,PROD00144,Sister,5,92.47,462.35
ORD00175,PROD00145,Before,2,5.42,10.84
ORD00119,PROD00146,Cause,5,78.04,390.2
ORD00159,PROD00147,View,5,84.07,420.35
ORD00163,PROD00148,Part,4,95.32,381.28
ORD00185,PROD00149,Interview,1,72.95,72.95
ORD00084,PROD00150,Relationship,1,28.19,28.19
ORD00091,PROD00151,Short,1,99.75,99.75
ORD00149,PROD00152,Tv,2,42.04,84.08
ORD00077,PROD00153,Yard,3,45.26,135.78
ORD00101,PROD00154,Summer,5,50.01,250.05
ORD00036,PROD00155,How,1,60.54,60.54
ORD00100,PROD00156,Real,2,95.89,191.78
ORD00091,PROD00157,Wear,4,80.53,322.12
ORD00183,PROD00158,Its,2,27.73,55.46
ORD00150,PROD00159,As,1,9.35,9.35
ORD00141,PROD00160,Green,4,89.73,358.92
ORD00074,PROD00161,Draw,1,84.05,84.05
ORD00078,PROD00162,Since,2,35.87,71.74
ORD00003,PROD00163,Remain,3,24.36,73.08
ORD00095,PROD00164,Take,2,10.36,20.72
ORD00054,PROD00165,Education,3,26.5,79.5
ORD00043,PROD00166,Star,3,30.14,90.42
ORD00092,PROD00167,Face,5,73.23,366.15
ORD00148,PROD00168,So,3,11.9,35.7
ORD00182,PROD00169,Dinner,4,8.3,33.2
ORD00094,PROD00170,Other,2,99.55,199.1
ORD00049,PROD00171,Often,3,92.78,278.34
ORD00164,PROD00172,Star,3,55.62,166.86
ORD00021,PROD00173,Speak,2,47.37,94.74
ORD00020,PROD00174,Leg,3,79.5,238.5
ORD00111,PROD00175,Available,2,36.4,72.8
ORD00055,PROD00176,Everybody,5,9.68,48.4
ORD00134,PROD00177,Probably,4,94.42,377.68
ORD00049,PROD00178,Increase,1,45.42,45.42
ORD00045,PROD00179,Culture,4,44.84,179.36
ORD00155,PROD00180,Animal,1,99.76,99.76
ORD00187,PROD00181,Mission,5,76.63,383.15
ORD00117,PROD00182,Talk,3,67.12,201.36
ORD00030,PROD00183,Job,5,79.06,395.3
ORD00175,PROD00184,Six,5,93.43,467.15
ORD00178,PROD00185,Dog,1,78.71,78.71
ORD00062,PROD00186,Moment,5,88.56,442.8
ORD00081,PROD00187,Few,1,68.74,68.74
ORD00171,PROD00188,Expect,4,36.64,146.56
ORD00014,PROD00189,Event,5,27.78,138.9
ORD00077,PROD00190,Themselves,2,12.45,24.9
ORD00156,PROD00191,Laugh,3,5.66,16.98
ORD00059,PROD00192,Control,3,34.27,102.81
ORD00085,PROD00193,Spend,1,80.45,80.45
ORD00186,PROD00194,Soon,5,43.29,216.45
ORD00082,PROD00195,Near,4,30.38,121.52
ORD00048,PROD00196,Those,4,54.34,217.36
ORD00137,PROD00197,Smile,2,12.51,25.02
ORD00132,PROD00198,After,2,40.56,81.12
ORD00026,PROD00199,Determine,5,86.66,433.3
ORD00094,PROD00200,Chair,5,87.27,436.35
ORD00118,PROD00201,Area,5,89.03,445.15
ORD00199,PROD00202,East,1,87.27,87.27
ORD00086,PROD00203,Tax,4,80.61,322.44
ORD00088,PROD00204,Magazine,3,25.76,77.28
ORD00013,PROD00205,Among,4,77.99,311.96
ORD00120,PROD00206,City,4,23.88,95.52
ORD00069,PROD00207,Each,2,12.84,25.68
ORD00135,PROD00208,Attorney,2,56.53,113.06
ORD00167,PROD00209,Soldier,4,80.68,322.72
ORD00160,PROD00210,Place,5,45.14,225.7
ORD00095,PROD00211,Ago,1,98.38,98.38
ORD00196,PROD00212,List,1,52.83,52.83
ORD00120,PROD00213,Require,2,18.2,36.4
ORD00130,PROD00214,Wide,5,89.78,448.9
ORD00094,PROD00215,Fire,4,88.14,352.56
ORD00013,PROD00216,Role,4,42.84,171.36
ORD00087,PROD00217,Million,1,87.67,87.67
ORD00113,PROD00218,Race,1,10.56,10.56
ORD00010,PROD00219,Little,2,41.08,82.16
ORD00072,PROD00220,Behind,2,12.99,25.98
ORD00184,PROD00221,Group,1,9.85,9.85
ORD00067,PROD00222,White,4,52.61,210.44
ORD00125,PROD00223,Food,3,22.03,66.09
ORD00099,PROD00224,Great,3,69.82,209.46
ORD00088,PROD00225,More,4,73.74,294.96
ORD00028,PROD00226,At,5,59.1,295.5
ORD00185,PROD00227,Feel,2,69.24,138.48
ORD00118,PROD00228,Really,4,9.08,36.32
ORD00133,PROD00229,Bill,3,19.21,57.63
ORD00114,PROD00230,Save,3,37.99,113.97
ORD00176,PROD00231,Reveal,4,49.48,197.92
ORD00054,PROD00232,Scientist,3,47.13,141.39
ORD00073,PROD00233,Small,4,21.53,86.12
ORD00112,PROD00234,Message,4,53.48,213.92
ORD00057,PROD00235,Spring,2,50.21,100.42
ORD00075,PROD00236,Trouble,4,12.21,48.84
ORD00042,PROD00237,Without,2,35.85,71.7
ORD00098,PROD00238,Evidence,5,13.93,69.65
ORD00036,PROD00239,Under,1,74.97,74.97
ORD00132,PROD00240,Police,2,13.28,26.56
ORD00052,PROD00241,Mean,1,90.87,90.87
ORD00182,PROD00242,Possible,5,66.68,333.4
ORD00158,PROD00243,Plant,5,22.04,110.2
ORD00015,PROD00244,Somebody,4,96.52,386.08
ORD00144,PROD00245,City,2,10.41,20.82
ORD00183,PROD00246,Both,1,73.34,73.34
ORD00067,PROD00247,Weight,2,8.09,16.18
ORD00075,PROD00248,Different,1,26.62,26.62
ORD00001,PROD00249,Institution,1,73.46,73.46
ORD00192,PROD00250,Glass,2,27.05,54.1
ORD00104,PROD00251,Consumer,1,99.56,99.56
ORD00140,PROD00252,Movement,3,71.83,215.49
ORD00030,PROD00253,Security,5,17.87,89.35
ORD00190,PROD00254,Improve,4,25.82,103.28
ORD00043,PROD00255,Factor,4,73.59,294.36
ORD00123,PROD00256,Reduce,1,81.91,81.91
ORD00085,PROD00257,Former,3,49.25,147.75
ORD00123,PROD00258,Free,4,95.37,381.48
ORD00080,PROD00259,Head,3,18.33,54.99
ORD00084,PROD00260,Smile,4,87.85,351.4
ORD00041,PROD00261,Ok,2,49.5,99.0
ORD00109,PROD00262,South,1,80.91,80.91
ORD00087,PROD00263,Modern,3,36.28,108.84
ORD00067,PROD00264,Beautiful,5,86.22,431.1
ORD00018,PROD00265,At,3,17.91,53.73
ORD00160,PROD00266,Work,4,53.65,214.6
ORD00028,PROD00267,Fight,5,97.66,488.3
ORD00042,PROD00268,Black,4,98.24,392.96
ORD00088,PROD00269,Same,3,98.43,295.29
ORD00169,PROD00270,Idea,3,37.94,113.82
ORD00084,PROD00271,Cause,3,72.06,216.18
ORD00130,PROD00272,Rise,5,18.7,93.5
ORD00153,PROD00273,Red,2,5.86,11.72
ORD00098,PROD00274,Responsibility,1,18.12,18.12
ORD00047,PROD00275,Dream,2,5.57,11.14
ORD00176,PROD00276,Involve,5,84.06,420.3
ORD00010,PROD00277,Model,4,57.78,231.12
ORD00072,PROD00278,Us,5,96.72,483.6
ORD00086,PROD00279,Other,4,29.23,116.92
ORD00177,PROD00280,Poor,5,76.19,380.95
ORD00154,PROD00281,Same,5,98.96,494.8
ORD00121,PROD00282,Realize,1,7.37,7.37
ORD00035,PROD00283,Article,5,20.08,100.4
ORD00197,PROD00284,Leg,2,82.33,164.66
ORD00050,PROD00285,Pay,4,29.92,119.68
ORD00007,PROD00286,Side,5,45.81,229.05
ORD00110,PROD00287,Training,4,9.16,36.64
ORD00031,PROD00288,Live,5,86.4,432.0
ORD00152,PROD00289,Central,3,45.93,137.79
ORD00130,PROD00290,Pretty,4,81.36,325.44
ORD00178,PROD00291,Ready,4,44.88,179.52
ORD00054,PROD00292,Get,2,17.65,35.3
ORD00142,PROD00293,Surface,4,42.2,168.8
ORD00012,PROD00294,Describe,5,36.87,184.35
ORD00142,PROD00295,Life,1,29.79,29.79
ORD00142,PROD00296,Behavior,1,80.89,80.89
ORD00164,PROD00297,Research,1,22.53,22.53
ORD00102,PROD00298,Wall,5,26.7,133.5
ORD00033,PROD00299,Reduce,4,85.46,341.84
ORD00198,PROD00300,Lawyer,1,59.31,59.31
